{
  "Восточно-Сибирская": {
    "model_type": "AAA",
    "alpha": 1.4901161193847656e-08,
    "beta": 3.8613589920049405e-09,
    "l0": 1565.5048096218488,
    "b0": -1.0217747957473846,
    "gamma": 0.0,
    "aic": 871.4510690542277
  },
  "Горьковская": {
    "model_type": "AAA",
    "alpha": 1.4901161193847656e-08,
    "beta": 1.489713049400584e-08,
    "l0": 668.373592652972,
    "b0": -0.4525462580500397,
    "gamma": 0.0,
    "aic": 729.2225219262808
  },
  "Дальневосточная": {
    "model_type": "AAA",
    "alpha": 1.4901161193847656e-08,
    "beta": 1.4836133683609768e-08,
    "l0": 3988.979711074149,
    "b0": -7.21615385889778,
    "gamma": 0.0,
    "aic": 1028.3245669500675
  },
  "Забайкальская": {
    "model_type": "AAA",
    "alpha": 1.4901161193847656e-08,
    "beta": 2.4562661545174565e-09,
    "l0": 4333.365326816537,
    "b0": -4.701898362152065,
    "gamma": 0.0,
    "aic": 1011.8719079848937
  },
  "Западно-Сибирская": {
    "model_type": "AAA",
    "alpha": 1.4901161193847656e-08,
    "beta": 1.489239956416601e-08,
    "l0": 995.0522421084632,
    "b0": -1.4420813128677155,
    "gamma": 0.0,
    "aic": 801.6217925393315
  },
  "Калининградская": {
    "model_type": "AAA",
    "alpha": 1.4901161193847656e-08,
    "beta": 6.3596634637421e-09,
    "l0": 2.084021501749038,
    "b0": -0.0024117140073558548,
    "gamma": 0.0,
    "aic": -241.9713646259715
  },
  "Красноярская": {
    "model_type": "AAA",
    "alpha": 1.4901161193847656e-08,
    "beta": 1.1308422759174063e-09,
    "l0": 611.9050132852952,
    "b0": -1.096993877934514,
    "gamma": 0.0,
    "aic": 712.2848793618489
  },
  "Куйбышевская": {
    "model_type": "AAA",
    "alpha": 1.4901161193847656e-08,
    "beta": 1.4901159639123416e-08,
    "l0": 555.1407046431094,
    "b0": -0.3459774714914083,
    "gamma": 0.0,
    "aic": 682.8066281902773
  },
  "Московская": {
    "model_type": "AAA",
    "alpha": 1.4901161193847656e-08,
    "beta": 0.0,
    "l0": 992.3309052943728,
    "b0": -1.3559015866825184,
    "gamma": 0.0,
    "aic": 805.7981195274253
  },
  "Октябрьская": {
    "model_type": "AAA",
    "alpha": 1.4901161193847656e-08,
    "beta": 0.0,
    "l0": 1207.3533112574248,
    "b0": -1.5798997458619919,
    "gamma": 0.0,
    "aic": 811.3167802603306
  },
  "Приволжская": {
    "model_type": "AAA",
    "alpha": 1.4901161193847656e-08,
    "beta": 0.0,
    "l0": 727.7260660168618,
    "b0": -0.7002086821774209,
    "gamma": 0.0,
    "aic": 735.3009525267273
  },
  "Свердловская": {
    "model_type": "AAA",
    "alpha": 1.4901161193847656e-08,
    "beta": 1.3990345206291551e-08,
    "l0": 1054.9384242679557,
    "b0": -1.180451954525651,
    "gamma": 0.0,
    "aic": 800.0924411576784
  },
  "Северная": {
    "model_type": "AAA",
    "alpha": 1.4901161193847656e-08,
    "beta": 0.0,
    "l0": 574.5724982281168,
    "b0": -0.592405376101656,
    "gamma": 0.0,
    "aic": 707.617533056806
  },
  "Северо-Кавказская": {
    "model_type": "AAA",
    "alpha": 1.4901161193847656e-08,
    "beta": 1.4901159515584806e-08,
    "l0": 436.17017457187615,
    "b0": -0.6908636909898492,
    "gamma": 0.0,
    "aic": 632.1616608579442
  },
  "Юго-Восточная": {
    "model_type": "AAA",
    "alpha": 1.4901161193847656e-08,
    "beta": 1.007393014385085e-08,
    "l0": 251.5208469602101,
    "b0": -0.3111938516101418,
    "gamma": 0.0,
    "aic": 550.9896431862655
  },
  "Южно-Уральская": {
    "model_type": "AAA",
    "alpha": 1.4901161193847656e-08,
    "beta": 3.077312232206074e-09,
    "l0": 753.3278724721911,
    "b0": -0.6544432205984083,
    "gamma": 0.0,
    "aic": 753.7544827883958
  }
}