{
  "Восточно-Сибирская": {
    "model_type": "AAA",
    "alpha": 1.4901161193847656e-08,
    "beta": 0.0,
    "l0": 603.7856640926412,
    "b0": -0.5595267472372097,
    "gamma": 0.0,
    "aic": 652.69283752979
  },
  "Горьковская": {
    "model_type": "AAA",
    "alpha": 0.06651784684275726,
    "beta": 0.06651784684275726,
    "l0": 205.12322148671976,
    "b0": -0.599857016080034,
    "gamma": 0.0,
    "aic": 454.30674811916253
  },
  "Дальневосточная": {
    "model_type": "AAA",
    "alpha": 1.4901161193847656e-08,
    "beta": 1.489334875747499e-08,
    "l0": 720.5331177632562,
    "b0": -0.5927559907243497,
    "gamma": 0.0,
    "aic": 694.977707861941
  },
  "Забайкальская": {
    "model_type": "AAA",
    "alpha": 1.4901161193847656e-08,
    "beta": 0.0,
    "l0": 750.208976843292,
    "b0": -0.8774854166032572,
    "gamma": 0.0,
    "aic": 697.24129216867
  },
  "Западно-Сибирская": {
    "model_type": "AAA",
    "alpha": 1.4901161193847656e-08,
    "beta": 0.0,
    "l0": 233.81409787526724,
    "b0": -0.32192431511923736,
    "gamma": 0.0,
    "aic": 488.2727449002417
  },
  "Калининградская": {
    "model_type": "AAA",
    "alpha": 1.4901161193847656e-08,
    "beta": 1.4899335410937378e-08,
    "l0": 3.4914423882604018,
    "b0": -0.0034722974786448547,
    "gamma": 0.0,
    "aic": -154.40832963222576
  },
  "Красноярская": {
    "model_type": "AAA",
    "alpha": 1.4901161193847656e-08,
    "beta": 0.0,
    "l0": 221.52183708659004,
    "b0": -0.31845827299577306,
    "gamma": 0.0,
    "aic": 456.18332730572246
  },
  "Куйбышевская": {
    "model_type": "AAA",
    "alpha": 1.4901161193847656e-08,
    "beta": 5.528181885440832e-09,
    "l0": 142.36510560339826,
    "b0": -0.169394358637548,
    "gamma": 0.0,
    "aic": 429.6844846594084
  },
  "Московская": {
    "model_type": "AAA",
    "alpha": 1.4901161193847656e-08,
    "beta": 8.60253927457015e-09,
    "l0": 299.48623938317814,
    "b0": -0.38654424538215804,
    "gamma": 0.0,
    "aic": 557.5592253913601
  },
  "Октябрьская": {
    "model_type": "AAA",
    "alpha": 0.3272468379100431,
    "beta": 0.0,
    "l0": 421.3336072027371,
    "b0": -0.6006635392334866,
    "gamma": 0.0,
    "aic": 616.6755820630243
  },
  "Приволжская": {
    "model_type": "AAA",
    "alpha": 1.4901161193847656e-08,
    "beta": 1.4900787175473837e-08,
    "l0": 185.43388527645146,
    "b0": -0.2170130425643513,
    "gamma": 0.0,
    "aic": 453.71550019566945
  },
  "Свердловская": {
    "model_type": "AAA",
    "alpha": 1.4901161193847656e-08,
    "beta": 0.0,
    "l0": 285.5326039621106,
    "b0": -0.23635869484901986,
    "gamma": 0.0,
    "aic": 535.3761783809621
  },
  "Северная": {
    "model_type": "AAA",
    "alpha": 1.4901161193847656e-08,
    "beta": 1.4878178555957304e-08,
    "l0": 176.74473387781399,
    "b0": -0.1691469951229212,
    "gamma": 0.0,
    "aic": 461.4327173694526
  },
  "Северо-Кавказская": {
    "model_type": "AAA",
    "alpha": 1.4901161193847656e-08,
    "beta": 4.350209605606444e-10,
    "l0": 192.64144714710855,
    "b0": -0.26264588734528177,
    "gamma": 0.0,
    "aic": 459.92391933614954
  },
  "Юго-Восточная": {
    "model_type": "AAA",
    "alpha": 0.10112979915286713,
    "beta": 0.0,
    "l0": 141.54899856841544,
    "b0": -0.2452988049991205,
    "gamma": 0.0,
    "aic": 382.94057551880286
  },
  "Южно-Уральская": {
    "model_type": "AAA",
    "alpha": 1.4901161193847656e-08,
    "beta": 0.0,
    "l0": 222.21217419721705,
    "b0": -0.18253932474187076,
    "gamma": 0.0,
    "aic": 492.20604337634614
  }
}