{
  "Восточно-Сибирская": {
    "model_type": "AAA",
    "alpha": 1.4901161193847656e-08,
    "beta": 1.4901158633009759e-08,
    "l0": 97.99844419784458,
    "b0": 0.05443038123214657,
    "gamma": 0.0,
    "aic": 391.0849510104943
  },
  "Горьковская": {
    "model_type": "AAA",
    "alpha": 1.4901161193847656e-08,
    "beta": 1.4901161193847656e-08,
    "l0": 68.71427593486976,
    "b0": 0.1219263943135051,
    "gamma": 0.0,
    "aic": 366.6126818100289
  },
  "Дальневосточная": {
    "model_type": "AAA",
    "alpha": 1.4901161193847656e-08,
    "beta": 1.4422093803180946e-08,
    "l0": 92.5485492240725,
    "b0": 0.04640540718842049,
    "gamma": 0.0,
    "aic": 416.422440081599
  },
  "Забайкальская": {
    "model_type": "AAA",
    "alpha": 1.4901161193847656e-08,
    "beta": 1.0987097896758027e-08,
    "l0": 392.5406985771212,
    "b0": 0.5225657440100421,
    "gamma": 0.0,
    "aic": 616.7235074002114
  },
  "Западно-Сибирская": {
    "model_type": "AAA",
    "alpha": 1.4901161193847656e-08,
    "beta": 1.372960084122823e-08,
    "l0": 48.88347881127258,
    "b0": 0.04492995224202619,
    "gamma": 0.0,
    "aic": 302.76226380922355
  },
  "Калининградская": {
    "model_type": "AAA",
    "alpha": 1.4901161193847656e-08,
    "beta": 2.978709612556421e-10,
    "l0": 1.0410602951766812,
    "b0": 0.0005647613552518763,
    "gamma": 0.0,
    "aic": -336.89855930392343
  },
  "Красноярская": {
    "model_type": "AAA",
    "alpha": 1.4901161193847656e-08,
    "beta": 1.4901154721183647e-08,
    "l0": 17.836193970268898,
    "b0": 0.015119766382579728,
    "gamma": 0.0,
    "aic": 113.16139654954607
  },
  "Куйбышевская": {
    "model_type": "AAA",
    "alpha": 1.4901161193847656e-08,
    "beta": 9.30662043620656e-09,
    "l0": 107.61465346417373,
    "b0": 0.06996514773042553,
    "gamma": 0.0,
    "aic": 430.26034976885785
  },
  "Московская": {
    "model_type": "AAA",
    "alpha": 1.4901161193847656e-08,
    "beta": 1.1425736557816803e-08,
    "l0": 277.7981083792268,
    "b0": 0.15685133273625318,
    "gamma": 0.0,
    "aic": 586.7187933301904
  },
  "Октябрьская": {
    "model_type": "AAA",
    "alpha": 1.4901161193847656e-08,
    "beta": 7.5387388520986e-09,
    "l0": 84.44453931074347,
    "b0": 0.1265204122203471,
    "gamma": 0.0,
    "aic": 388.7178263395971
  },
  "Приволжская": {
    "model_type": "AAA",
    "alpha": 1.4901161193847656e-08,
    "beta": 4.959013999639738e-09,
    "l0": 274.4338773320835,
    "b0": 0.1998656466152048,
    "gamma": 0.0,
    "aic": 595.7811786983302
  },
  "Свердловская": {
    "model_type": "AAA",
    "alpha": 1.4901161193847656e-08,
    "beta": 1.4899725310479092e-08,
    "l0": 97.92866168739138,
    "b0": 0.09441984250761287,
    "gamma": 0.0,
    "aic": 403.48138629096496
  },
  "Северная": {
    "model_type": "AAA",
    "alpha": 1.4901161193847656e-08,
    "beta": 1.490108402933283e-08,
    "l0": 48.27346245195669,
    "b0": 0.05348987612999684,
    "gamma": 0.0,
    "aic": 284.5931861127376
  },
  "Северо-Кавказская": {
    "model_type": "AAA",
    "alpha": 1.4901161193847656e-08,
    "beta": 1.47519017891803e-08,
    "l0": 82.5360422230064,
    "b0": 0.022732576444700215,
    "gamma": 0.0,
    "aic": 390.1657424563922
  },
  "Юго-Восточная": {
    "model_type": "AAA",
    "alpha": 1.4901161193847656e-08,
    "beta": 1.4901161193847656e-08,
    "l0": 15.722938719916403,
    "b0": 0.010483015529944592,
    "gamma": 0.0,
    "aic": 100.57722781972066
  },
  "Южно-Уральская": {
    "model_type": "AAA",
    "alpha": 1.4901161193847656e-08,
    "beta": 1.4901161193847656e-08,
    "l0": 90.47649829517032,
    "b0": 0.10983812283489974,
    "gamma": 0.0,
    "aic": 388.12785231358697
  }
}