{
  "Восточно-Сибирская": {
    "model_type": "AAA",
    "alpha": 1.4901161193847656e-08,
    "beta": 1.0385148984182854e-08,
    "l0": 1570.0249786584495,
    "b0": 1.1559839076943734,
    "gamma": 0.0,
    "aic": 835.8235378458294
  },
  "Горьковская": {
    "model_type": "AAA",
    "alpha": 1.4901161193847656e-08,
    "beta": 0.0,
    "l0": 1537.7359630846518,
    "b0": 1.194962799884962,
    "gamma": 0.0,
    "aic": 802.8386045013688
  },
  "Дальневосточная": {
    "model_type": "AAA",
    "alpha": 1.4901161193847656e-08,
    "beta": 9.267092721384774e-09,
    "l0": 1122.4048326962863,
    "b0": 0.9459287094576034,
    "gamma": 0.0,
    "aic": 801.7296360952425
  },
  "Забайкальская": {
    "model_type": "AAA",
    "alpha": 1.4901161193847656e-08,
    "beta": 9.796372935495052e-09,
    "l0": 2262.851296364169,
    "b0": 0.8687129868706661,
    "gamma": 0.0,
    "aic": 842.3680303241642
  },
  "Западно-Сибирская": {
    "model_type": "AAA",
    "alpha": 1.4901161193847656e-08,
    "beta": 1.98451390514159e-09,
    "l0": 1212.465774927348,
    "b0": 1.2517262473473023,
    "gamma": 0.0,
    "aic": 787.5361766766488
  },
  "Калининградская": {
    "model_type": "AAA",
    "alpha": 1.4901161193847656e-08,
    "beta": 1.444619242559811e-09,
    "l0": 9.275291402477999,
    "b0": 0.011408698176903017,
    "gamma": 0.0,
    "aic": -44.00374269794864
  },
  "Красноярская": {
    "model_type": "AAA",
    "alpha": 1.4901161193847656e-08,
    "beta": 0.0,
    "l0": 1085.1246677888644,
    "b0": 0.6490618377230156,
    "gamma": 0.0,
    "aic": 724.4169809582263
  },
  "Куйбышевская": {
    "model_type": "AAA",
    "alpha": 1.4901161193847656e-08,
    "beta": 1.4868944621949227e-08,
    "l0": 1021.0902383748955,
    "b0": 1.2522426425719673,
    "gamma": 0.0,
    "aic": 774.3635294269902
  },
  "Московская": {
    "model_type": "AAA",
    "alpha": 1.4901161193847656e-08,
    "beta": 1.4861273527782607e-08,
    "l0": 2657.111299086515,
    "b0": 2.224723187477002,
    "gamma": 0.0,
    "aic": 908.4437815769585
  },
  "Октябрьская": {
    "model_type": "AAA",
    "alpha": 1.4901161193847656e-08,
    "beta": 0.0,
    "l0": 1860.6316063139875,
    "b0": 1.3434947944291964,
    "gamma": 0.0,
    "aic": 819.0758766920968
  },
  "Приволжская": {
    "model_type": "AAA",
    "alpha": 1.4901161193847656e-08,
    "beta": 1.2064783214483009e-08,
    "l0": 906.579795909136,
    "b0": 0.5519463159015999,
    "gamma": 0.0,
    "aic": 757.9276279635355
  },
  "Свердловская": {
    "model_type": "AAA",
    "alpha": 1.4901161193847656e-08,
    "beta": 0.0,
    "l0": 1591.503950105968,
    "b0": 1.2661120102124315,
    "gamma": 0.0,
    "aic": 800.5528117919587
  },
  "Северная": {
    "model_type": "AAA",
    "alpha": 1.4901161193847656e-08,
    "beta": 1.462235114257804e-08,
    "l0": 470.1938754706355,
    "b0": 0.5158752279464747,
    "gamma": 0.0,
    "aic": 632.122386543791
  },
  "Северо-Кавказская": {
    "model_type": "AAA",
    "alpha": 1.4901161193847656e-08,
    "beta": 0.0,
    "l0": 1327.5235097733314,
    "b0": 1.4224262594285242,
    "gamma": 0.0,
    "aic": 788.6764761057267
  },
  "Юго-Восточная": {
    "model_type": "AAA",
    "alpha": 1.4901161193847656e-08,
    "beta": 0.0,
    "l0": 761.2428798025358,
    "b0": 0.5173927944140655,
    "gamma": 0.0,
    "aic": 672.9315547439797
  },
  "Южно-Уральская": {
    "model_type": "AAA",
    "alpha": 1.4901161193847656e-08,
    "beta": 1.4901161193847656e-08,
    "l0": 1126.2507110188737,
    "b0": 0.46000536411745485,
    "gamma": 0.0,
    "aic": 736.8088382864423
  }
}