{
  "Восточно-Сибирская": {
    "model_type": "AAA",
    "alpha": 1.4901161193847656e-08,
    "beta": 1.4735194333776524e-08,
    "l0": 559.4581531186982,
    "b0": -0.10175154444365846,
    "gamma": 0.0,
    "aic": 703.7573511434347
  },
  "Горьковская": {
    "model_type": "AAA",
    "alpha": 1.4901161193847656e-08,
    "beta": 1.3612620913216358e-08,
    "l0": 539.934406238507,
    "b0": -0.3242095690279081,
    "gamma": 0.0,
    "aic": 668.6986495149026
  },
  "Дальневосточная": {
    "model_type": "AAA",
    "alpha": 1.4901161193847656e-08,
    "beta": 0.0,
    "l0": 1262.5768815467857,
    "b0": -0.3505414532363557,
    "gamma": 0.0,
    "aic": 819.9025979927419
  },
  "Забайкальская": {
    "model_type": "AAA",
    "alpha": 1.4901161193847656e-08,
    "beta": 7.0177439819634275e-09,
    "l0": 1824.447103608677,
    "b0": -2.0123747476681904,
    "gamma": 0.0,
    "aic": 862.1597531085273
  },
  "Западно-Сибирская": {
    "model_type": "AAA",
    "alpha": 1.4901161193847656e-08,
    "beta": 0.0,
    "l0": 715.7011940990036,
    "b0": -0.19620343242182814,
    "gamma": 0.0,
    "aic": 718.3413973087545
  },
  "Калининградская": {
    "model_type": "AAA",
    "alpha": 0.0077834677320422875,
    "beta": 0.0033377878066773964,
    "l0": 0.9850411753886972,
    "b0": -0.0005012710816212648,
    "gamma": 0.0,
    "aic": -379.29024411000285
  },
  "Красноярская": {
    "model_type": "AAA",
    "alpha": 1.4901161193847656e-08,
    "beta": 1.4901161193847656e-08,
    "l0": 389.4418451832213,
    "b0": -0.41235034439913926,
    "gamma": 0.0,
    "aic": 586.2021682509143
  },
  "Куйбышевская": {
    "model_type": "AAA",
    "alpha": 1.4901161193847656e-08,
    "beta": 1.490101631354597e-08,
    "l0": 706.3288937515508,
    "b0": -0.5268126759374921,
    "gamma": 0.0,
    "aic": 705.441470316434
  },
  "Московская": {
    "model_type": "AAA",
    "alpha": 1.4901161193847656e-08,
    "beta": 0.0,
    "l0": 1238.823102787679,
    "b0": -0.24015961765566549,
    "gamma": 0.0,
    "aic": 803.8128298634042
  },
  "Октябрьская": {
    "model_type": "AAA",
    "alpha": 1.4901161193847656e-08,
    "beta": 0.0,
    "l0": 1268.0585162242908,
    "b0": -1.4597390248686888,
    "gamma": 0.0,
    "aic": 812.439470350767
  },
  "Приволжская": {
    "model_type": "AAA",
    "alpha": 1.4901161193847656e-08,
    "beta": 1.4893308543949842e-08,
    "l0": 1731.1593493863716,
    "b0": -1.6360773699188054,
    "gamma": 0.0,
    "aic": 842.4286980652803
  },
  "Свердловская": {
    "model_type": "AAA",
    "alpha": 1.4901161193847656e-08,
    "beta": 0.0,
    "l0": 1171.449344506523,
    "b0": -1.6233944454464195,
    "gamma": 0.0,
    "aic": 829.6130443198789
  },
  "Северная": {
    "model_type": "AAA",
    "alpha": 1.4901161193847656e-08,
    "beta": 1.4901145477288809e-08,
    "l0": 949.605113851334,
    "b0": -0.653650625897632,
    "gamma": 0.0,
    "aic": 755.3093595980351
  },
  "Северо-Кавказская": {
    "model_type": "AAA",
    "alpha": 1.4901161193847656e-08,
    "beta": 7.707139118433522e-09,
    "l0": 286.9508175563276,
    "b0": -0.15708209703247736,
    "gamma": 0.0,
    "aic": 542.6576062652696
  },
  "Юго-Восточная": {
    "model_type": "AAA",
    "alpha": 1.4901161193847656e-08,
    "beta": 1.4901161193847656e-08,
    "l0": 141.69791315156152,
    "b0": -0.11100665568973579,
    "gamma": 0.0,
    "aic": 433.8825855655214
  },
  "Южно-Уральская": {
    "model_type": "AAA",
    "alpha": 1.4901161193847656e-08,
    "beta": 0.0,
    "l0": 529.5698912927294,
    "b0": -0.7622652111786188,
    "gamma": 0.0,
    "aic": 661.8240734947855
  }
}