{
  "Восточно-Сибирская": {
    "model_type": "AAA",
    "alpha": 1.4901161193847656e-08,
    "beta": 1.3636775624449043e-08,
    "l0": 514.4200646136893,
    "b0": -0.16443165906707916,
    "gamma": 0.0,
    "aic": 604.2376669102102
  },
  "Горьковская": {
    "model_type": "AAA",
    "alpha": 1.4901161193847656e-08,
    "beta": 0.0,
    "l0": 1258.4179407022796,
    "b0": -0.8062921387217445,
    "gamma": 0.0,
    "aic": 749.3979333308779
  },
  "Дальневосточная": {
    "model_type": "AAA",
    "alpha": 1.4901161193847656e-08,
    "beta": 0.0,
    "l0": 1606.2193419048583,
    "b0": -1.7072972680957466,
    "gamma": 0.0,
    "aic": 776.9543920656504
  },
  "Забайкальская": {
    "model_type": "AAA",
    "alpha": 1.4901161193847656e-08,
    "beta": 0.0,
    "l0": 1546.0107322785275,
    "b0": -1.4742019547711374,
    "gamma": 0.0,
    "aic": 768.2729846585632
  },
  "Западно-Сибирская": {
    "model_type": "AAA",
    "alpha": 1.4901161193847656e-08,
    "beta": 3.7206181859599162e-09,
    "l0": 457.17836198670403,
    "b0": -0.30902923177707625,
    "gamma": 0.0,
    "aic": 559.1783975266937
  },
  "Калининградская": {
    "model_type": "AAA",
    "alpha": 1.4901161193847656e-08,
    "beta": 1.4750975702083866e-08,
    "l0": 2.670574985379062,
    "b0": -0.0019841535878658057,
    "gamma": 0.0,
    "aic": -170.6705118369028
  },
  "Красноярская": {
    "model_type": "AAA",
    "alpha": 1.4901161193847656e-08,
    "beta": 4.62704642222265e-09,
    "l0": 516.6727516207487,
    "b0": -0.327566844528776,
    "gamma": 0.0,
    "aic": 607.5673047773182
  },
  "Куйбышевская": {
    "model_type": "AAA",
    "alpha": 1.4901161193847656e-08,
    "beta": 8.960409648285023e-09,
    "l0": 542.5930267845254,
    "b0": -0.39953848045825435,
    "gamma": 0.0,
    "aic": 565.2034125469426
  },
  "Московская": {
    "model_type": "AAA",
    "alpha": 1.4901161193847656e-08,
    "beta": 0.0,
    "l0": 2673.4122628635146,
    "b0": -3.053659915509641,
    "gamma": 0.0,
    "aic": 853.2841226223567
  },
  "Октябрьская": {
    "model_type": "AAA",
    "alpha": 1.4901161193847656e-08,
    "beta": 9.087730693180028e-09,
    "l0": 1917.5936549771222,
    "b0": -1.1451884887700894,
    "gamma": 0.0,
    "aic": 807.2315120098853
  },
  "Приволжская": {
    "model_type": "AAA",
    "alpha": 1.4901161193847656e-08,
    "beta": 0.0,
    "l0": 1297.5359745398116,
    "b0": -0.7681055913166739,
    "gamma": 0.0,
    "aic": 741.745414810098
  },
  "Свердловская": {
    "model_type": "AAA",
    "alpha": 1.4901161193847656e-08,
    "beta": 1.2872835089305631e-08,
    "l0": 1502.1541809655089,
    "b0": -1.4373546965907928,
    "gamma": 0.0,
    "aic": 764.7679755469342
  },
  "Северная": {
    "model_type": "AAA",
    "alpha": 1.4901161193847656e-08,
    "beta": 1.4901161193847656e-08,
    "l0": 1108.1926068746432,
    "b0": -0.8370581111347085,
    "gamma": 0.0,
    "aic": 725.6685935481647
  },
  "Северо-Кавказская": {
    "model_type": "AAA",
    "alpha": 1.4901161193847656e-08,
    "beta": 0.0,
    "l0": 600.307523221755,
    "b0": -0.6726158544060195,
    "gamma": 0.0,
    "aic": 604.2457895831743
  },
  "Юго-Восточная": {
    "model_type": "AAA",
    "alpha": 1.4901161193847656e-08,
    "beta": 1.4897622536423195e-08,
    "l0": 527.3678822842867,
    "b0": -0.42534641582080945,
    "gamma": 0.0,
    "aic": 597.7533310039415
  },
  "Южно-Уральская": {
    "model_type": "AAA",
    "alpha": 1.4901161193847656e-08,
    "beta": 1.4841450230036266e-08,
    "l0": 652.938428661314,
    "b0": -0.6539262147409777,
    "gamma": 0.0,
    "aic": 645.7468313968159
  }
}