{
  "Восточно-Сибирская": {
    "model_type": "AAA",
    "alpha": 1.4901161193847656e-08,
    "beta": 3.762471392196662e-09,
    "l0": 9485946.221630046,
    "b0": -3162.986322438351,
    "gamma": 0.0,
    "aic": 1988.7360969042245
  },
  "Горьковская": {
    "model_type": "AAA",
    "alpha": 1.4901161193847656e-08,
    "beta": 5.565994039431974e-09,
    "l0": 9820467.548378697,
    "b0": -3418.7828220217266,
    "gamma": 0.0,
    "aic": 2027.1207577706882
  },
  "Дальневосточная": {
    "model_type": "AAA",
    "alpha": 1.4901161193847656e-08,
    "beta": 1.4901161193847656e-08,
    "l0": 9935287.182475602,
    "b0": -4292.894293237691,
    "gamma": 0.0,
    "aic": 2020.3380442336406
  },
  "Забайкальская": {
    "model_type": "AAA",
    "alpha": 0.06190537135998718,
    "beta": 0.0,
    "l0": 12069217.095757203,
    "b0": -4802.591689763814,
    "gamma": 0.0,
    "aic": 2083.1545496572653
  },
  "Западно-Сибирская": {
    "model_type": "AAA",
    "alpha": 1.4901161193847656e-08,
    "beta": 1.4673032921569533e-08,
    "l0": 12253489.888460927,
    "b0": -3903.9795512282835,
    "gamma": 0.0,
    "aic": 2047.4536468983354
  },
  "Калининградская": {
    "model_type": "AAA",
    "alpha": 1.4901161193847656e-08,
    "beta": 1.4901161193847656e-08,
    "l0": 213276.57551071586,
    "b0": -97.92753164929485,
    "gamma": 0.0,
    "aic": 1364.339428223714
  },
  "Красноярская": {
    "model_type": "AAA",
    "alpha": 1.4901161193847656e-08,
    "beta": 6.59006835458737e-11,
    "l0": 5534498.098051559,
    "b0": -1809.0347844858743,
    "gamma": 0.019786813509782033,
    "aic": 1941.3176587781993
  },
  "Куйбышевская": {
    "model_type": "AAA",
    "alpha": 1.4901161193847656e-08,
    "beta": 1.4684201002170514e-08,
    "l0": 7308405.758422209,
    "b0": -3404.3162117422435,
    "gamma": 0.0,
    "aic": 1962.4886894406227
  },
  "Московская": {
    "model_type": "AAA",
    "alpha": 1.4901161193847656e-08,
    "beta": 0.0,
    "l0": 16435092.561931228,
    "b0": -5611.979061376126,
    "gamma": 0.0,
    "aic": 2109.042115633234
  },
  "Октябрьская": {
    "model_type": "AAA",
    "alpha": 1.4901161193847656e-08,
    "beta": 8.81657924180125e-09,
    "l0": 13313467.482296823,
    "b0": -4176.776936844879,
    "gamma": 0.0,
    "aic": 2058.9977540279788
  },
  "Приволжская": {
    "model_type": "AAA",
    "alpha": 1.4901161193847656e-08,
    "beta": 1.4901161193847656e-08,
    "l0": 4746557.462902945,
    "b0": -2293.077919635268,
    "gamma": 0.0,
    "aic": 1898.7107439613078
  },
  "Свердловская": {
    "model_type": "AAA",
    "alpha": 1.4901161193847656e-08,
    "beta": 4.1483485508397e-09,
    "l0": 10988078.108559512,
    "b0": -6032.042386680431,
    "gamma": 0.0,
    "aic": 2036.3227340589074
  },
  "Северная": {
    "model_type": "AAA",
    "alpha": 1.4901161193847656e-08,
    "beta": 1.2590528666787001e-08,
    "l0": 8234755.769057015,
    "b0": -4044.575520659888,
    "gamma": 0.0,
    "aic": 1974.8027570167033
  },
  "Северо-Кавказская": {
    "model_type": "AAA",
    "alpha": 1.4901161193847656e-08,
    "beta": 1.0899571549708085e-08,
    "l0": 8327989.690716008,
    "b0": -3812.5356262585415,
    "gamma": 0.0,
    "aic": 1985.717502036311
  },
  "Юго-Восточная": {
    "model_type": "AAA",
    "alpha": 1.4901161193847656e-08,
    "beta": 6.154356955370617e-09,
    "l0": 5716619.766130046,
    "b0": -2609.944218061472,
    "gamma": 0.0,
    "aic": 1926.8122946491226
  },
  "Южно-Уральская": {
    "model_type": "AAA",
    "alpha": 1.4901161193847656e-08,
    "beta": 1.4867219989290723e-08,
    "l0": 7135642.737118839,
    "b0": -2884.2336316083724,
    "gamma": 0.0,
    "aic": 1970.6555500679915
  }
}