{
  "params": {
    "learning_rate": 0.29921790247188,
    "depth": 4,
    "l2_leaf_reg": 2.9550673108533814,
    "iterations": 795,
    "random_strength": 4.010174858487182,
    "bagging_temperature": 1.6489517740200834
  },
  "meta": {
    "method": "optuna",
    "n_trials": 20,
    "n_splits": 3,
    "best_cv_rmse": 0.3987
  }
}